城市,名称,性质,床位,价格(元/月),特色服务,地址
北京,北京朝阳区福祐养老院,民营,300张,4500,"医养结合,邻近医院,交通便利,餐饮定制,康复护理",豆各庄双桥路29号
北京,北京万科通州随园养老中心,公建民营,649张,7300,"邻近医院,餐饮定制,适老化设计,康复护理,个性化护理",漷兴北四街
北京,北京市房山区随园养老中心,公建民营,770张,6800,"医养结合,邻近医院,交通便利,餐饮定制,适老化设计",北京市房山区长阳镇阜盛东街48号院
北京,乐成养老·半壁店恭和家园,民营,876张,13000,"医养结合,邻近医院,邻近景点,高端定位,餐饮定制",怡乐南街25号
北京,乐成养老·半壁店恭和苑,民营,398张,9000,"医养结合,邻近医院,交通便利,适老化设计,康复护理",怡乐南街16号院3号楼1-9层
北京,通用芳华（北京美康）长者公寓,民营,193张,9800,"医养结合,邻近医院,餐饮定制,康复护理,个性化护理",光明中街18号
北京,泰康之家·燕园,民营,3000张,11000,"医养结合,邻近医院,餐饮定制,高端定位,适老化设计",南邵镇景荣街2号
北京,北京市丰台区看丹老年公寓,公助民办,600张,2500,"医养结合,邻近医院,适老化设计,康复护理,临终关怀",永合庄1号院
北京,北京丰台区相儒养老院,民营,152张,3900,"医保定点,医养结合,餐饮定制,交通便利,适老化设计",葆台西路1号院2号楼
北京,椿萱茂和园长者社区,民营,550张,6800,"高端定位,康复护理,连锁品牌,餐饮定制,医养结合",牛栏山镇
北京,北京市朝阳区江达爱心养老院,民营,152张,3000,"医养结合,交通便利,康复护理",来广营西路临27号
北京,大家的家·北京阜成城心社区,民营,304张,12000,"医养结合,邻近医院,康复护理",北礼士路98号
北京,燕达金色年华健康养护中心,民营,15000张,6200,"邻近医院,交通便利,餐饮定制,适老化设计,康复护理",东燕郊经济技术开发区思菩兰路西侧
北京,泰康之家·北京市海淀区西北旺镇养老服务中心,公办民营,110张,价格面议,"邻近医院,交通便利,适老化设计,康复护理",西北旺镇新谊路13号院1号楼
北京,恒颐复健之家•自如,公办民营,104张,8500,"医养结合,医保定点,邻近景点,高端定位,康复护理",太平街35号
北京,北京市朝阳区万科怡园光熙国际康复老年公寓,民营,110张,价格面议,"医养结合,邻近医院,交通便利,康复护理",北京市朝阳区光熙门北里22号
北京,北京大兴区中晟百晨养老院,民营,550张,5000,"医养结合,康复护理",西红门镇宏福东路甲1号
北京,普亲养老·北京长辛店院,公办民营,160张,6000,"医养结合,邻近医院,适老化设计,康复护理,连锁品牌",长辛店永兴里103号院内
北京,北京市丰台区泰颐春养老中心,民营,217张,8000,"交通便利,医养结合,高端定位,邻近医院,餐饮定制",北京市丰台区榴花路2号院1号楼
北京,北京市房山区拱辰街道社会福利中心,公建民营,500张,2200,"邻近医院,适老化设计,康复护理,临终关怀",拱辰街道梨村
北京,北京市朝阳区恒爱吉星养老院,公建民营,30张,5100,"餐饮定制,适老化设计,个性化护理,交通便利,试住体验",来广营朝悦居6号楼
北京,北京懋源天颐康养社区,民营,227张,7500,"邻近医院,交通便利,餐饮定制,高端定位,适老化设计",孙河乡西甸路7号院27号
北京,北京市大兴区魏善庄镇养老照料中心,公建民营,160张,3000,"医养结合,邻近医院,交通便利",魏善庄镇龙善大街5号院21号楼
北京,北京市大兴区榆垡镇养老照料中心,公建民营,160张,3600,"康复护理,交通便利,个性化护理",榆垡镇盛平街空港新苑养老服务配套建设
北京,北京市华医堂养老康复中心,民营,98张,4800,"医养结合,邻近医院,交通便利,餐饮定制,适老化设计",北京市朝阳区安定门外立水桥北8号
北京,北京房山区普乐时光颐养中心（认知症专业照护）,公助民办,126张,4500,"高端定位,康复护理,个性化护理",长阳镇京深路与佛满路交叉路口往东约100米
北京,通用康养风华北京南苑长者公寓,公建民营,150张,7500,"餐饮定制,康复护理,个性化护理",南苑街道丽槐街2号院4号楼
北京,北京市西城区月坛街道华方养老照料中心,民营,60张,5000,,月坛西街乙2号院5号楼
北京,北京京康古城养老院,民营,300张,2500,"医养结合,交通便利,康复护理",古城小街1号
北京,大兴区西红门镇养老照料中心（鸿坤清檬颐养中心）,公建民营,230张,4300,"医养结合,康复护理,个性化护理",西红门镇欣清北巷18号院
北京,北京石景山区春晖颐老年公寓,民营,220张,4000,"个性化护理,交通便利,适老化设计,临终关怀,邻近医院",隆恩寺路99号
北京,北京市朝阳区佰康老年公寓,民营,410张,3500,"医养结合,邻近医院,康复护理",十八里店乡滨河路5号
北京,北京双桥恭和苑,民营,68张,8000,"医养结合,个性化护理,社区嵌入,交通便利,连锁品牌",双桥西巷6号
北京,北京市大兴区长子营镇敬老院,公办（建）,160张,3500,"康复护理,临终关怀",长子营镇河津营村东
北京,北京市朝阳区小红门乡君颐和悅养老院,民营,36张,6000,"邻近医院,交通便利,适老化设计,康复护理,个性化护理",肖村东路一号
北京,北京双井恭和苑,民营,439张,7800,"医养结合,邻近医院,高端定位,连锁品牌,个性化护理",北京市朝阳区百子湾南二路92号
北京,北京恭和老年公寓,公办民营,469张,4730,"医养结合,康复护理,个性化护理,医保定点,交通便利",茂兴西路7号
北京,北京康养•颐寿嘉园,公办（建）,212张,5000,"邻近医院,交通便利,康复护理,个性化护理",平东路5号
北京,北京市朝阳区观音堂益康养老院,民营,280张,4000,"交通便利,餐饮定制",王四营乡王四营北路甲5号院
北京,北京福提园养老院,民营,700张,2700,"交通便利,餐饮定制,康复护理,临终关怀,医保定点",地铁四号线终点天宫院
上海,上海欧葆庭顾村国际颐养中心,民营,385张,10000,"医养结合,邻近医院,交通便利,餐饮定制,高端定位",顾村镇沪太路4858号
上海,泰康之家·申园,民营,2100张,11627,"邻近医院,交通便利,高端定位,适老化设计,连锁品牌",广轩路298号
上海,上海康申沃尔护理院,民营,400张,3600,"医保定点,医养结合,个性化护理,康复护理,临终关怀",高荷路391
上海,大家的家上海静安城心社区,民营,300张,价格面议,"连锁品牌,邻近医院,交通便利,邻近景点,康复护理",上海市静安区中兴路1599号
上海,上海闵行区呵护家颐养院,公办民营,493张,2500,"高端定位,适老化设计,康复护理,医养结合,临终关怀",北翟路3158号（南华街25号）
上海,泰康之家•申园（护理照护区）,民营,2100张,17400,"医养结合,邻近医院,高端定位,康复护理,连锁品牌",广轩路298号
上海,上海怡安养老院,民营,170张,4200,"医养结合,交通便利",杨浦区延吉新村街道松花江路327号
上海,泰康之家·锦绣府（护理照护区）,民营,200张,18250,"医养结合,康复护理,连锁品牌,临终关怀,个性化护理",东环龙路299号
上海,上海杨浦区久安养老院,民营,538张,3700,"医养结合,交通便利,康复护理",殷行街道国伟路300号E座
上海,泰康之家·锦绣府,民营,200张,20150,"医养结合,邻近医院,餐饮定制,高端定位,适老化设计",东环龙路299号
上海,上海市宝山区嘉道耆乐园养老院（城银路店）,民营,174张,价格面议,"邻近医院,交通便利,康复护理",城银路505号
上海,上海市杨浦馨安老年公寓,民营,146张,价格面议,"餐饮定制,高端定位",内江路6号
上海,上海市虹口区彩虹湾老年福利院,公办民营,860张,4100,"康复护理,临终关怀",凉城路2196号
上海,上海华安养老院,民营,364张,5500,"医养结合,高端定位,康复护理",浦东新区三林镇云台路839号
上海,上海奉贤区五宅青春里颐养院,公建民营,150张,1800,邻近景点,西渡街道五宅村107号
上海,上海金色晚霞护理院,民营,200张,3000,"医养结合,交通便利,康复护理,连锁品牌,临终关怀",长兴岛凤南路1号
上海,上海宝山区秋晖养老院,民营,188张,3900,"医养结合,邻近医院,交通便利,康复护理,连锁品牌",大场镇丰宝路26号
上海,上海怡景养老院,公建民营,403张,3300,"医养结合,邻近医院,连锁品牌",罗泾镇潘沪路78号
上海,上海宝山友谊幸福里养老院,公建民营,215张,3800,"邻近医院,交通便利,康复护理",宝林八村通道128号
上海,上海金色怡福护理院,民营,302张,4500,"康复护理,连锁品牌,临终关怀",潘泾路5998号临2号
上海,上海金色晚年护理院,民营,500张,价格面议,"医养结合,邻近医院,康复护理",月浦镇月新南路582号
上海,上海宝山区金色晚年敬老院,民营,503张,4100,"医养结合,康复护理",月浦镇新镇车站南首（月新南路）
上海,上海毅韬护理院,民营,192张,4650,"邻近医院,交通便利,康复护理",沪青平公路3609弄4号
上海,上海亲清护理院,民营,400张,价格面议,"康复护理,临终关怀,医养结合,医保定点",辰花路387号
上海,上海星辰家养老院,公建民营,330张,4120,"邻近景点,医养结合,邻近医院,适老化设计,交通便利",大场镇祁康路516号
上海,泰康之家·静安府（未开业，可预订）,民营,380张,价格面议,"医养结合,个性化护理,连锁品牌,适老化设计,高端定位",康宁路388号
上海,梧桐人家国际健康颐养社区,民营,288张,7700,"高端定位,适老化设计,康复护理,个性化护理,医养结合",忘忧路100弄（康新公路与望江南路交叉口）
上海,椿萱茂•虹湾长者社区,民营,421张,9000,"医养结合,邻近医院,交通便利,高端定位,连锁品牌",黄家花园路128弄1号
上海,上海嵩泰护理院,民营,418张,3300,"医保定点,医养结合,康复护理,临终关怀,适老化设计",永新路998弄1~3号
上海,上海市闵行区星堡浦江养老公寓,民营,762张,6660,"邻近医院,临终关怀",上海市闵行区浦江镇联航路1505弄5号楼
上海,上海浦东新区香树湾养护院,民营,350张,4500,"医养结合,邻近医院,康复护理",浦东新区宣桥镇六奉公路5033弄1号
上海,上海闵行区浦江社区春田长者照护之家,民营,34张,4200,"适老化设计,康复护理",闵行区浦连路412号
上海,上海航圆护理院,民营,700张,5000,"交通便利,康复护理,临终关怀",沪南公路5455弄1-10号
上海,椿萱茂（上海康桥）老年公寓,民营,343张,7350,"邻近医院,交通便利,适老化设计",未知
上海,上海康而寿福恩护理院,民营,300张,4500,"康复护理,连锁品牌",康桥川周公路2691号
上海,上海青浦区徐泾镇养护院,公建民营,852张,4500,"医养结合,交通便利,康复护理",徐泾镇乐高路59号
上海,上海闵行区浦江社区浦涛长者照护之家,公办民营,49张,3800,"医养结合,康复护理",浦江镇江航路91号
上海,上海青浦区白鹤养护院,公建民营,432张,3500,"邻近医院,交通便利,康复护理,临终关怀",白鹤镇程鹤路399号
上海,上海盈康护理院,公建民营,780张,4000,"医养结合,医保定点,康复护理,临终关怀,个性化护理",上海市青浦区大盈路488号
上海,上海虹口区银康老年公寓,民营,462张,6000,"医养结合,邻近医院,康复护理,临终关怀",凉城路2283号（原场中路685弄98号）
福州,泰康之家·福园,民营,1350张,7200,"医养结合,邻近医院,高端定位,适老化设计,连锁品牌",登云片区
福州,泰康之家·福园（护理照护区）,民营,1350张,10000,"医养结合,邻近医院,交通便利,邻近景点,高端定位",登云路以南
福州,福州五福缘老人养护中心,社会团体,180张,2800,"交通便利,适老化设计,康复护理,临终关怀,个性化护理",福州市西洪路528号空军房管局大院内（金牛山公园附近）
福州,晋安区社会福利中心（华煦养老院）,公办民营,600张,2646,"医养结合,高端定位,个性化护理,邻近景点,试住体验",宦溪镇山溪村溪湾42号
福州,福州市寿尔康南街街道社区养老服务照料中心,公办民营,24张,3500,"医养结合,交通便利,餐饮定制,适老化设计,康复护理",福建省福州市鼓楼区杨桥河南社区28座2层
福州,福州市国德老年康养中心（福州市社会福利中心）,公办民营,1350张,2880,"医养结合,邻近医院,康复护理,临终关怀,个性化护理",金塘路2号
福州,闽侯伍心青鸟养老服务有限公司,公建民营,300张,2800,"连锁品牌,试住体验,康复护理",闽侯县甘蔗街道灵峰路6号
福州,福州康寿长者照护中心,民营,600张,价格面议,"邻近医院,交通便利,个性化护理",福州省福州市晋安区岳峰镇安亭路688号
福州,福州柚子百逸老年公寓,民营,212张,2900,"医养结合,邻近医院,交通便利,高端定位,康复护理",六一中路396号
福州,福州市松鹤老年产业,民营,100张,600,"交通便利,康复护理",福建省福州市鼓楼区柳河路81号
福州,连江县琯头镇侨兴老年公寓,公助民办,260张,2500,,琯头镇琯福大道56号（琯头供电所隔壁）
福州,福建医大附一护养中心,民营,360张,2000,"医养结合,邻近医院,康复护理",福建省福州市马尾区登龙路63号福建医大附一护养中心卧龙山庄旁
福州,福州齐鲁山庄夕阳红乐园,民营,80张,1800,邻近医院,福州市郊南屿笔架山农业观光园
福州,福州市连江县福得养老院,公建民营,100张,3300,"医养结合,交通便利,医保定点,个性化护理,邻近医院",江南镇龙浦村文进路35-1
福州,马尾区亭江镇居家社区养老服务照料中心,公建民营,17张,2800,"适老化设计,邻近医院,餐饮定制,交通便利,社区嵌入",亭江镇亭江路36-57西亭康城
福州,琅岐镇居家社区养老服务照料中心,公建民营,20张,2500,"邻近医院,交通便利,社区嵌入",福建省福州市马尾区琅岐镇香海佳园安置房5号、6号裙楼附属楼商业配套用房1层、2层
福州,福建省福州市第二福利院,公办（建）,180张,价格面议,康复护理,自泉安
福州,福建省福州市鼓楼区重阳康复养老院,公办（建）,200张,价格面议,"邻近医院,康复护理",鼓楼区后县路18号（福建省煤矿中心医院内）
重庆,宏善养老康享苑颐养中心,民营,220张,3980,"医养结合,连锁品牌,适老化设计,试住体验,康复护理","翠渝路,近园博园"
重庆,重庆国投健康长者公寓,公建民营,349张,3000,"连锁品牌,适老化设计,邻近医院,医养结合,交通便利",重庆市沙坪坝区土主街道四塘村幸福组临999号
重庆,椿萱茂（重庆回兴）老年公寓,民营,194张,6000,"邻近医院,交通便利,个性化护理,高端定位,适老化设计",回兴街道金锦路10号
重庆,宏善养老怡康里颐年公寓,公建民营,255张,2500,"医养结合,连锁品牌,适老化设计,试住体验,康复护理",棠香街道佳华医院背后
重庆,泰康之家·渝园,民营,1600张,5700,"医养结合,餐饮定制,高端定位,适老化设计,连锁品牌",通海六支路
重庆,宏善养老涪康里颐年公寓,公建民营,351张,2500,"医养结合,连锁品牌,适老化设计,试住体验,康复护理","马鞍街道榨菜集团旁,114路三公里站"
重庆,泰康之家·渝园（护理照护区）,民营,1350张,10000,"医养结合,餐饮定制,高端定位,康复护理,连锁品牌",大竹林街道青岗路186号
重庆,宏善养老垫康里颐年公寓,公建民营,387张,2000,"医养结合,连锁品牌,适老化设计,试住体验,康复护理","桂阳街道原社会福利院,长安天樾对面"
重庆,椿萱茂（重庆园博园）老年公寓,民营,260张,5500,"邻近医院,交通便利,高端定位,餐饮定制,适老化设计",重庆市两江新区秋岚路9号2栋
重庆,龙岗街道西禅社区养老服务中心,公建民营,130张,2500,"医养结合,连锁品牌,适老化设计,试住体验,康复护理",大荣路贵和苑小区
重庆,宏善养老嘉康荟颐年公寓,民营,256张,3000,"医养结合,连锁品牌,适老化设计,试住体验,康复护理",辽宁路老法院
重庆,双龙湖街道社区养老服务中心,公助民办,48张,3000,"医养结合,连锁品牌,适老化设计,试住体验,康复护理",双龙湖凯歌路地铁双龙站
重庆,宏善养老亲和苑养护中心,公助民办,102张,3000,"医养结合,连锁品牌,适老化设计,试住体验,康复护理","宝圣湖青河世家,近汽博"
重庆,宏善养老嘉悦里颐年公寓,民营,230张,3980,"医养结合,连锁品牌,适老化设计,试住体验,康复护理",新牌坊新光天地背后
重庆,渝州路街道六店社区养老服务中心,公助民办,45张,3000,"医养结合,连锁品牌,适老化设计,试住体验,康复护理",六店子小区
重庆,宏善养老安和里颐年公寓,公助民办,93张,3000,"医养结合,连锁品牌,适老化设计,试住体验,康复护理",谢家湾小学旁
重庆,宏善养老公园里怡养中心,公助民办,196张,3000,"医养结合,连锁品牌,适老化设计,试住体验,康复护理",经纬大道美茵运动公园内
重庆,渝州路街道一社区养老服务中心,公助民办,42张,3000,"医养结合,连锁品牌,适老化设计,试住体验,康复护理",南方新城东苑
重庆,宏善养老康乐源养护中心,民营,370张,3200,"医养结合,连锁品牌,适老化设计,试住体验,康复护理","兰美路美茵河谷小区,近高庙村地铁站"
重庆,宏善养老澄康里颐年公寓,公建民营,128张,1800,"医养结合,连锁品牌,适老化设计,试住体验,康复护理","澄溪镇泽生大道,近垫八中"
重庆,宏善养老禾溪颐年公寓,公建民营,300张,1680,"邻近医院,连锁品牌,适老化设计,试住体验,康复护理",柏杨街道文景路102号
重庆,宏善养老麻柳嘴院,公建民营,135张,1500,"邻近医院,适老化设计,康复护理,连锁品牌,试住体验",麻柳嘴镇敬老院
重庆,宏善养老巴南南彭院,公建民营,156张,1500,"邻近医院,适老化设计,连锁品牌,试住体验,康复护理",南彭镇敬老院
重庆,重庆市南岸区绿叶老年公寓,民营,120张,2200,,重庆市南岸区南山公园路108号（南山植物园后门）
重庆,重庆德仁养老中心（大渡口分院）,民营,209张,2300,"医养结合,康复护理,医保定点,适老化设计,交通便利",半岛逸景金阳路216号（239终点车站旁）
重庆,重庆市正博养老院,民营,70张,2000,"医养结合,邻近医院,康复护理",重庆市大渡口区钢花路999号江上新都（重庆正博兴中医医院楼上）
重庆,中颐颐养园,民营,1100张,2500,"医养结合,邻近医院,适老化设计,餐饮定制,连锁品牌",重庆市沙坪坝区歌乐山镇天池村中颐颐养园
重庆,重庆市南岸区南山长生桥镇敬老院,公办（建）,104张,1650,"邻近景点,康复护理",重庆市南岸区长生桥镇凉风村大岗垭
重庆,重庆市北碚区天毅老年颐养院,民营,200张,价格面议,,天津路26号
重庆,小平山庄居家养老院,民营,60张,1800,康复护理,重庆市.巴南区.东温泉镇.小平鱼庄内
重庆,重庆市綦江区护宁康医养中心,民营,90张,2000,"医养结合,医保定点,交通便利,餐饮定制,个性化护理",古南街道中山路2号（区政府对面）
重庆,重庆市长寿区但渡镇养老公寓,公办（建）,310张,价格面议,康复护理,长寿区但渡镇但渡村300号
重庆,菜园坝康心养老服务中心,公助民办,124张,3000,"医养结合,医保定点,交通便利,康复护理,临终关怀",菜园坝南区路外滩公交站旁
重庆,重庆江北德仁失能老人养护中心,民营,300张,2000,"医养结合,邻近医院,康复护理",重庆市江北区南桥寺江石村一号
重庆,重庆市大渡口区广仁颐和老年公寓,民营,200张,1800,"邻近医院,康复护理",重庆市大渡口区跳蹬镇红胜村9社（原大渡口敬老院）
重庆,兴艺老年公寓,民营,100张,1300,"医养结合,康复护理",歌乐山镇大田湾73号
重庆,阳光家园,民营,80张,价格面议,,重庆市南岸区上新街前驱路104号
重庆,狮子山老年公寓,公建民营,600张,2980,"医养结合,邻近医院,适老化设计,康复护理,个性化护理",重庆市巴南区龙洲湾轻轨3号线大山村站往阳光100阿尔勒小区上行约200米
重庆,五季元养老,民营,130张,3000,"医保定点,医养结合,邻近医院,邻近景点,高端定位",重庆市江北区铁山坪森林公园
重庆,重庆市潼南区鼎盛健康养老服务有限公司,民营,82张,600,"医养结合,康复护理,医保定点,交通便利,邻近景点",龙形镇池坝村3组260号
成都,蜀都颐锦养老服务中心,民营,55张,1630,"适老化设计,康复护理,邻近医院,连锁品牌,社区嵌入",顺河东路71号
成都,择木栖光华康养中心,公建民营,182张,3200,"医养结合,交通便利,餐饮定制,适老化设计,邻近医院",蔡桥街道光华西三路362号
成都,成都顾连老年医养中心,民营,460张,2900,"医养结合,康复护理,临终关怀,医保定点,个性化护理",天辰路60号
成都,四川蓝生老年医养中心,民营,110张,4000,"医保定点,交通便利,医养结合,康复护理,适老化设计",安蓉路6号
成都,成都市郫都区颐园养老院,民营,600张,1950,"医养结合,邻近医院,适老化设计,康复护理",安靖镇方桥村六组309号
成都,成都市金牛区金樾荟养护中心,公建民营,95张,4000,"邻近医院,适老化设计,个性化护理",金科中路5号（茶店子小学国宾校区旁）
成都,成都市龙泉驿区洛带南山养老院,民营,130张,2400,"交通便利,适老化设计,康复护理,连锁品牌,临终关怀",洛带镇岐山村12组153号
成都,椿萱茂（成都西三环）老年公寓,民营,368张,6000,"邻近医院,交通便利,高端定位,餐饮定制,个性化护理",金履一路187号
成都,金煦福万寿颐养中心,公建民营,111张,3500,"邻近医院,餐饮定制,社区嵌入,个性化护理,交通便利",万寿四路128号
成都,郫都区虹满天康养中心（成都颐锦天泰老年病医院）,民营,429张,2950,,犀浦镇犀团路109号（虹满天康养中心）
成都,椿萱茂（成都中环北）老年公寓,民营,398张,6000,"邻近医院,交通便利,邻近景点,餐饮定制,高端定位",成华区双荆路1号B座
成都,新都区桂湖街道团结社区综合为老服务中心,公建民营,92张,3000,"康复护理,社区嵌入,连锁品牌",桂湖街道团结社区养老服务综合体
成都,颐锦•锦虹颐养综合体,公建民营,15张,2200,"社区嵌入,康复护理,邻近医院,适老化设计,个性化护理",岳店社区4组25号
成都,成都高新区中和街道养老服务综合体,公建民营,76张,3300,"医养结合,连锁品牌,康复护理,交通便利",中和街道新通大道35号
成都,锦虹•幸福家颐养中心,公办民营,64张,2640,"邻近医院,餐饮定制,适老化设计,康复护理,社区嵌入",普兴街道马家塘一街50号二楼
成都,椿萱茂（成都南三环）老年公寓,民营,242张,6000,"邻近医院,交通便利,邻近景点,餐饮定制,高端定位",锦丰一路39号
成都,成都市郫都区安靖街道社区养老服务综合体,公建民营,15张,5000,"交通便利,适老化设计,康复护理",安靖街道方林南路与万家沱路交汇处
成都,泰康之家·锦官府（未开业）,民营,900张,价格面议,"医养结合,邻近医院,高端定位,适老化设计,连锁品牌",锦江生态带天府大道南段
成都,泰康之家·蜀园,民营,1800张,6500,"医养结合,邻近医院,高端定位,适老化设计,康复护理",四川省成都市温江区永宁镇民康路299号
成都,颐锦•德源菁弘养老服务综合体,民营,9张,4780,"医养结合,康复护理,适老化设计,社区嵌入,个性化护理",柏林东路与红旗大道北段交叉口东南40米
成都,太保家园成都国际颐养社区,民营,1517张,3300,"高端定位,连锁品牌,医养结合,个性化护理,康复护理",金马街道清泰路1000号
成都,中京爱侬颐养护理中心,公建民营,400张,3340,"医养结合,连锁品牌,康复护理,试住体验,适老化设计",大面街道经开南三路4200号
成都,颐锦•郫筒菁弘养老服务综合体,民营,9张,5100,"社区嵌入,医养结合,试住体验,餐饮定制,交通便利",环青路7号（一里桥党群服务中心旁）
成都,成都成华区中京爱侬秀丽养老服务中心,公建民营,32张,3800,"邻近医院,交通便利,适老化设计,餐饮定制",府青路街道仙韵一路585号
成都,成都龙泉驿区中京爱侬养老服务中心,公办民营,46张,2850,"邻近医院,交通便利,餐饮定制,适老化设计",大面街道华涟路231号
成都,泰康之家·蓉园（ 未开业，可预订）,民营,900张,价格面议,"高端定位,医养结合,连锁品牌",锦江生态带天府大道南段
成都,泰康之家·蜀园（护理照护区）,民营,1800张,13000,"医养结合,邻近医院,高端定位,康复护理,连锁品牌",永宁镇民康路299号
成都,椿萱茂珉湾长者社区,民营,498张,7300,"邻近医院,交通便利,邻近景点,餐饮定制,高端定位",金沙清波路143号
成都,颐锦养老院,民营,126张,2800,"医养结合,连锁品牌,康复护理,适老化设计,交通便利",成都市新都区新光路26号
成都,成都子阳润辉养老院,民营,180张,2250,"邻近医院,医养结合,康复护理,适老化设计,个性化护理",同安街康阳路500
成都,成华区中京爱侬京青养老服务中心,公办民营,148张,3800,"医养结合,交通便利,适老化设计,康复护理,连锁品牌",龙绵街1111号1栋
成都,成华区中京爱侬京桥养老服务中心,公办民营,69张,3400,"邻近医院,交通便利,适老化设计,连锁品牌,康复护理",民兴北二路216号
成都,成都市武侯区寿而康老年颐养中心,民营,300张,2300,"邻近医院,适老化设计,康复护理,连锁品牌,个性化护理",成都市武侯区簇马路三段41号江安河生态公园内直行300米
成都,川投舒适之家•颐康养老中心,公办公营,200张,4000,"医养结合,邻近医院,交通便利,康复护理,社区嵌入",锦江区佳宏南路10号
成都,兴城康养•美邸照护之家枫树苑,公办（建）,173张,7800,"交通便利,高端定位,适老化设计,试住体验,个性化护理",枫树街699号
成都,川投舒适之家•武侯吉福院,公建民营,490张,3200,"交通便利,医养结合,高端定位,适老化设计,试住体验",红运街五大花园体育公园旁
成都,兴城康养•美邸舒养之家,公办（建）,328张,5000,"医养结合,邻近医院,交通便利,高端定位,个性化护理",海桐街79号
成都,成都锦欣九九乐福养老中心,民营,279张,价格面议,"适老化设计,康复护理,医养结合",西源大道1号附9号
成都,成都锦欣九九乐龄康养中心,民营,206张,价格面议,"邻近医院,康复护理,临终关怀",成龙路街道锦丰一路69号
杭州,大家的家杭州胜利河城心社区,民营,400张,8000,"连锁品牌,邻近医院,交通便利,邻近景点,康复护理",杭州市仁霞路79号
杭州,杭州上城仁泽康信护理院,民营,120张,3500,"医保定点,医养结合,邻近医院,交通便利,餐饮定制",杭州市上城区景御路318号
杭州,杭州上城区四季瑞照护颐养公寓,民营,40张,3500,"邻近医院,交通便利,餐饮定制,适老化设计,邻近景点",杭州市上城区凤起东路918号
杭州,泰康之家·大清谷（护理照护区）,民营,350张,17000,"医养结合,餐饮定制,高端定位,康复护理,连锁品牌",清谷路
杭州,泰康之家·大清谷,民营,350张,11000,"医养结合,高端定位,适老化设计,连锁品牌,临终关怀",清谷路
杭州,太保家园杭州国际颐养社区,民营,827张,6300,"连锁品牌,医养结合,高端定位,试住体验,邻近医院",锦南街道万马南路588号
杭州,泰康之家·浙园（未开业）,民营,1300张,价格面议,"医养结合,餐饮定制,高端定位,适老化设计,连锁品牌",小和山高教园区
杭州,泰康之家·西溪府（未开业，可预订）,民营,210张,价格面议,"邻近医院,邻近景点,连锁品牌,康复护理,高端定位",西溪板块
杭州,萧山区海月随园嘉树老年公寓,民营,226张,价格面议,"邻近医院,高端定位,交通便利",杭州市萧山区建设一路与金鸡路交叉口
杭州,杭州市江干区邻嘉康复护理院,民营,180张,价格面议,"医养结合,康复护理,临终关怀",彭埠街道环站东路358号元宝塘邻居中心南楼7-12层
杭州,杭州市西湖区随园智汇坊府苑新村养老院,民营,100张,价格面议,"邻近景点,邻近医院,交通便利,个性化护理,康复护理",杭州市西湖区紫荆花路1号府苑新村内
杭州,万科海月随园护理院,民营,140张,4000,"医养结合,邻近医院,适老化设计,康复护理",建设一路与金鸡路交叉口
杭州,余杭区良渚随园嘉树老年公寓,民营,615张,价格面议,"高端定位,医养结合",良渚文化村
杭州,幸宝康泉六号院康养会所,民营,234张,4500,"邻近医院,高端定位,康复护理",浙江省杭州市大江东产业集聚区巧客小镇江東村江群路6号
杭州,浙江省杭州市江干区杭州爱康温馨家园养老中心,民营,850张,价格面议,康复护理,浙江省杭州市江干区艮山西路182-1号
杭州,杭州市拱墅区爱心老年之家,民营,123张,1200,"邻近医院,康复护理,试住体验",杭州市拱墅区上塘镇七古登13号
杭州,杭州佰乐时光养老机构,民营,261张,3500,"医养结合,邻近医院,个性化护理,康复护理,交通便利",朝晖九区70幢
杭州,余杭区玉鸟随园嘉树养老公寓,民营,261张,12000,"高端定位,连锁品牌,邻近景点,交通便利",良渚文化村玉鸟流苏苑二区（玉鸟集北侧）
杭州,杭州爱康温馨家园养老中心,民营,858张,1800,"医养结合,康复护理",浙江省杭州市江干区艮山西路182-1号
杭州,杭州安诺新程国际康养中心,民营,366张,7000,"医保定点,医养结合,邻近医院,交通便利,高端定位",解放路40号
杭州,浙江省杭州市江干区绿康爱心护理院,公办（建）,50张,价格面议,"医养结合,邻近医院,康复护理",杭州市江干区丁桥镇沿山鲍家渡3号
杭州,杭州市上塘敬老院,民营,123张,1200,"邻近医院,康复护理,试住体验",杭州市拱墅区上塘镇七古登13号
杭州,杭州余杭绿城颐养中心,公办民营,1000张,2800,"医养结合,邻近医院,适老化设计,康复护理,临终关怀",东湖北路570号
杭州,招商观颐之家杭州颐养中心,民营,179张,6000,"康复护理,餐饮定制,高端定位,邻近景点,邻近医院",同协路1709号1号楼
杭州,杭州市下城区石桥爱心养老服务中心,民营,108张,1800,"邻近医院,康复护理",永华街332号
杭州,万科良渚随园护理院,民营,120张,价格面议,"医养结合,医保定点,邻近景点,康复护理,临终关怀",良渚文化村玉鸟流苏随园嘉树内17幢
杭州,（翠苑养老院）翠苑街道居家养老服务中心,公建民营,86张,4100,"邻近医院,康复护理,连锁品牌,医养结合,试住体验",翠苑新村四区12幢
杭州,杭州孝义颐养院康养中心,公助民办,230张,2580,"医养结合,邻近医院,交通便利,邻近景点,高端定位",江南镇荻浦村1108号
杭州,杭州山缘老人公寓,民营,2000张,2000,"邻近医院,邻近景点,高端定位,康复护理",杭州市西湖区留下镇杨梅山路399号
杭州,朗诗常青藤桃源站,民营,80张,4000,"医养结合,餐饮定制,连锁品牌,试住体验,适老化设计",半山街道桃源街339号
杭州,杭州三外堂养老院,民营,120张,2600,"邻近医院,邻近景点,康复护理",鸬鸟镇彩虹谷景区门口
杭州,杭州金诚护理院,民营,650张,2000,"医保定点,医养结合,适老化设计,康复护理,连锁品牌",浙江省杭州市萧山区高桥路1036号
杭州,杭州市西湖区好地方养老院,民营,100张,2000,邻近医院,杭州市西湖区双浦镇小叔房村8号
杭州,拱墅区金秋老年公寓,民营,58张,1200,"邻近医院,康复护理,试住体验",拱墅区康桥街道康桥路28号
杭州,萧山（闻堰养老院）闻堰街道居家养老服务中心,公建民营,60张,3500,"医养结合,邻近景点,交通便利,康复护理,连锁品牌",闻堰街道时代大道4506号
杭州,（乔司养老院）乔司街道居家养老服务中心,公建民营,52张,2500,"医养结合,适老化设计,康复护理,连锁品牌,试住体验",乔司街道和睦桥村水西自然村37号
杭州,杭州海华幸福家园养老服务中心,民营,201张,1300,"邻近医院,康复护理",杭州市拱墅区拱康路110号
杭州,杭州市西湖区社会福利中心,公办（建）,320张,1400,"邻近医院,康复护理,试住体验",小和山支路88号
杭州,拱墅区爱心老年之家康桥分院,民营,60张,1200,"邻近医院,康复护理,试住体验",杭州市拱墅区康桥路28号
杭州,国投健康养老产业（杭州）有限公司,公办公营,363张,3730,"医养结合,医保定点,交通便利,高端定位,连锁品牌",富春街道金桥北路与永兴路交叉口
海口,普亲养老·海口新埠岛院,公办民营,92张,3600,"医养结合,邻近景点,连锁品牌,个性化护理,康复护理",新埠岛中心大道8号
海口,普亲养老·海口海甸岛院（海口市社会福利院老年人养护院）,公建民营,400张,3500,"连锁品牌,适老化设计,康复护理,医养结合",福利路8号
海口,普亲养老·海口琼山院,公办民营,230张,3000,"医养结合,连锁品牌,邻近景点,康复护理,个性化护理",琼州大道桂林上路
海口,普亲养老·海口秀英苑（秀英区秀英街道综合养老服务中心）,公办民营,35张,价格面议,"餐饮定制,适老化设计,康复护理,连锁品牌,社区嵌入",秀英大道55-1号
海口,海口椰岛之家老年公寓,民营,130张,1350,"适老化设计,康复护理",新大州大道三公里玉俊东村二巷4号
海口,海南亚泰温泉酒店养生俱乐部,民营,400张,3900,"邻近医院,交通便利,邻近景点,高端定位,个性化护理",海南省海口市西海岸盈滨半岛海南亚泰温泉酒店
海口,海口桂林洋养老服务中心,公建民营,100张,2800,"医养结合,邻近医院,试住体验,餐饮定制,康复护理",桂林洋经济开发区双塘路76号
海口,海南三月三健康旅居养老院,民营,560张,5500,连锁品牌,海南省海口市美兰区海甸三东路23-2号中新大厦16层E座
海口,华邦美好家园海口孝慈苑养老服务中心（海口福利院）,公办民营,400张,3000,"连锁品牌,适老化设计,医养结合,交通便利,临终关怀",海甸岛福利路8号1号楼
海口,海口市振东(米铺)老年公寓-L&C老年护理院,公办民营,60张,4050,"交通便利,康复护理,临终关怀",金贸中路13号格林梦别墅小区A3栋
海口,海南幸福季文昌莱茵海岸养老度假基地,民营,300张,3500,"邻近医院,交通便利,高端定位,康复护理",海南省文昌市会文镇冯家湾
海口,海口市金福源老年公寓,民营,230张,2300,邻近景点,东营东平新村
海口,海南幸福银发养老服务有限公司,民营,600张,2500,"邻近景点,连锁品牌",海口市美祥路29号（春江公寓）
海口,海南颐康中医疗养院,民营,190张,5000,康复护理,海口市海甸岛万兴路2号（下世纪大桥直行第二个十字路口左拐直行路南）
海口,知鱼听海养老机构,民营,99张,4500,"高端定位,餐饮定制,适老化设计,医养结合,康复护理",兴洋大道296号
海口,一方养老桃源院,公建民营,100张,2100,"连锁品牌,邻近景点,康复护理,个性化护理,临终关怀",石山镇28号
海口,海口椰岛之家老年公寓演丰分院,民营,130张,1500,"适老化设计,康复护理",演丰镇西河一路
海口,海口市龙华区遵谭镇敬老院,公办（建）,46张,2000,,遵谭镇珠崖路93号
海口,海口市振东（米铺）老年公寓,民营,180张,2450,,海口市海府路米铺路一号
海口,海南百年好度假休闲基地（三亚湾,公办（建）,300张,2390,"邻近医院,交通便利,邻近景点",海南省海口市文明中文联路18号省老干部活动中心长寿楼402室海南百年好老人服务有限公司
海口,海口幸福百年老人公寓,民营,50张,1700,"邻近医院,交通便利,康复护理,临终关怀",海口市海甸岛和平大道23号安信大厦A栋首层（公交在寰岛泰德大酒店站下）
海口,海南山海疗养院,民营,110张,5200,"医养结合,餐饮定制,康复护理",桂林洋滨海度假区
海口,海南省海口市幸福百年老年公寓,民营,120张,1800,"邻近医院,交通便利,康复护理,临终关怀",海南省海口市海甸岛和平大道23号安信大厦A栋首层
海口,海口振东米铺老年公寓,民营,160张,1699,"康复护理,临终关怀",海南省海口市振兴路米铺内进100米46号
海口,海口振东（米铺）老年公寓,民营,160张,1699,"康复护理,临终关怀",海南省海口市海府路米铺路内进200米米铺村1号
海口,海口市琼山区凤翔敬老院（县级特困人员供养机构）,公建民营,78张,3000,"医养结合,康复护理",迈灜路141号
海口,海南普仁旅居养老,民营,350张,2500,,海南省海口市美兰区海甸岛三西路西港椰韵a栋101
海口,海口南渡江公寓,民营,300张,855,"邻近医院,邻近景点",海南省海口市美兰区南渡江公寓
武汉,武汉黄陂区福康养老院,民营,150张,3200,"医养结合,餐饮定制,康复护理,个性化护理,试住体验",盘龙城巨龙大道卓尔总部基地内
武汉,大家的家·武汉东湖城心养老社区,民营,182张,5000,"邻近医院,交通便利,邻近景点",东湖路169号
武汉,武汉汉阳汉沙医疗特护养老院,民营,108张,3200,"医养结合,餐饮定制,适老化设计,康复护理,交通便利",汉阳区王家湾龙阳大道35号
武汉,江汉区汉兴街常三社区养老服务中心,民营,40张,3000,"医养结合,连锁品牌,康复护理,社区嵌入,适老化设计",武汉市江汉区红旗渠路133号
武汉,武汉汉阳区永丰街养老服务机构,公办民营,120张,3200,"医养结合,康复护理,餐饮定制,交通便利,适老化设计",汉阳区永安堂特8号燎原社区福泽湾养老院
武汉,泰康之家·楚园（护理照护区）,民营,670张,10000,"医养结合,高端定位,康复护理,连锁品牌,临终关怀",严西湖路66号
武汉,武汉市青山区白玉山街君安养老院,公建民营,170张,2800,"适老化设计,邻近医院",白玉山街四街坊30号
武汉,武汉市武昌区爱心养老院,民营,100张,2800,"餐饮定制,个性化护理,交通便利,邻近医院,适老化设计",晒湖小区天华新村特1号
武汉,武汉太保家园颐养社区,公办（建）,1300张,6000,"医养结合,高端定位,适老化设计,餐饮定制,邻近医院",汉阳区四新中路8号
武汉,泰康之家·楚园,民营,670张,8400,"邻近医院,高端定位,连锁品牌",严西湖路66号
武汉,九真山敬老山庄,民营,800张,1800,"医养结合,邻近医院,高端定位,康复护理,连锁品牌",汉口办事处：江汉区解放大道创世纪广场工贸家电楼上2912室
武汉,武汉市汉沙临终关怀养老院护理院,民营,120张,3200,"医养结合,交通便利,康复护理,餐饮定制,临终关怀",汉阳区龙阳大道35号
武汉,武汉市江汉区杨汊湖社区养老院,民营,150张,2800,"医保定点,医养结合,邻近医院,康复护理",湖北省武汉市江汉区姑嫂树路红光路特1号（建设银行旁）
武汉,武昌区安泰养老院,民营,200张,2200,"医保定点,医养结合,邻近医院,康复护理",武汉市武昌区余家头中原医院8楼
武汉,洪山区卓刀泉社区养老院,公办（建）,80张,2000,"医养结合,康复护理",武汉市洪山区雄楚大道538号（武汉警官职业学院内）
武汉,武汉融济古田老年公寓,民营,300张,3000,"医养结合,连锁品牌,交通便利,康复护理,邻近医院",古田二路长升路12号
武汉,合众优年武汉养老社区,民营,700张,3700,"邻近医院,高端定位,适老化设计,医养结合,连锁品牌",知音湖大道318号
武汉,柴泊湖武汉康养中心,公办公营,1200张,2850,"医保定点,医养结合,邻近医院,试住体验,适老化设计",阳逻经济开发区柴泊大道与阳福大道交汇处
武汉,武汉市黄陂区夕阳红颐和院,民营,169张,800,"邻近医院,康复护理,试住体验",湖北省武汉市黄陂区定远村夕阳红颐和院
武汉,武汉市老来乐老年公寓,民营,1800张,价格面议,"医养结合,邻近医院,交通便利,邻近景点,康复护理",武汉市后花园AAAAA级黄陂木兰生态旅游度假区
武汉,融济古田康养中心,公办民营,320张,价格面议,"医养结合,邻近医院,适老化设计,康复护理",武汉市硚口区古田二路长升路12号
武汉,东西湖区康养中心,公建民营,510张,2400,"邻近医院,适老化设计,餐饮定制,康复护理",走马岭街道新建村11号
武汉,新濠康养中心,民营,188张,2800,"医养结合,餐饮定制,康复护理,适老化设计,个性化护理",纸坊街武昌大道836号职中公交站旁
武汉,洪山区狮子山街综合养老服务中心,公办民营,112张,4000,"医养结合,邻近医院,交通便利,连锁品牌,康复护理",南湖大道41号
武汉,友缘颐康园国际养休区,民营,604张,2000,"医养结合,邻近医院",运铎公园路8号
武汉,武汉市硚口区建乐社区养老院,社会团体,141张,2600,"邻近医院,高端定位",武汉市硚口区建乐村34号
武汉,武汉东湖银铃安养院,公办（建）,300张,价格面议,"医养结合,邻近景点",武汉市东湖落雁景区黄家大湾特2号
武汉,武汉市黄陂区木兰长岭老年公寓,民营,500张,1000,"邻近医院,邻近景点",湖北省武汉市黄陂区长岭镇短岭村77号
武汉,悦年华•颐养中心（武汉石桥）,民营,409张,4500,"医养结合,交通便利,高端定位,适老化设计,连锁品牌",兴业路33号
武汉,惠汉盈通黄陂盘龙城福星苑,公建民营,60张,2580,"连锁品牌,邻近医院,适老化设计,交通便利,邻近景点",黄陂区盘龙城经济开发区露甲山路22号
武汉,惠汉盈通横店福星苑,公办民营,120张,1980,康复护理,湖北省武汉市黄陂区红焰村石道线横店福星苑
武汉,武汉市东湖生态旅游风景区步瑞养老院,民营,500张,价格面议,"医保定点,医养结合,康复护理,适老化设计,个性化护理",东湖生态旅游风景区东湖庭园小区28号楼
武汉,月湖惠养老院,公办公营,150张,3080,"医养结合,连锁品牌,邻近医院,交通便利,康复护理",汉阳区琴台大道182号晴川街社区卫生服务中心院内
武汉,武汉市武昌区长春社区大中养老院,公助民办,150张,3000,"医养结合,康复护理,个性化护理,医保定点,交通便利",武汉市武昌区紫阳东路179号
武汉,友福家园颐养公寓,民营,300张,1800,,湖北武汉黄陂区双凤大道111号
武汉,东西湖吴家山园艺敬老院,民营,128张,980,,湖北省武汉市东西湖区新海景大酒店旁边
武汉,同人康护理院,民营,80张,2000,"医保定点,医养结合,邻近医院,康复护理,个性化护理",黄狮海东路69号
武汉,武昌区杨园街众成颐家颐养中心,公建民营,48张,3500,"医养结合,交通便利,连锁品牌,个性化护理,适老化设计",武昌区杨园街四美塘
西安,西安颐享福安老年公寓,民营,260张,2100,"康复护理,邻近医院,医养结合,连锁品牌,个性化护理",丈八沟街道丈八六路与锦业二路向南200米
西安,西安市沣东新城老年服务中心（阿房宫老年公寓）,其他,1200张,3150,"医养结合,邻近医院,康复护理,医保定点,试住体验",未央区三桥天台三路6号
西安,西安鹏瑞利知智照护家园,民营,700张,2880,"医养结合,高端定位,适老化设计,个性化护理,邻近景点",楼观镇楼观生态文化旅游度假区
西安,九九养老·玖悦颐养中心,民营,198张,3000,"适老化设计,餐饮定制,试住体验,康复护理,连锁品牌",丈八二路
西安,陕西冶金养老院（公办医养结合）,公办公营,300张,3000,"医养结合,医保定点,康复护理,临终关怀,个性化护理",西影路30号
西安,西安艾嘉康养中心|医养结合养老院,其他,98张,4500,"医养结合,邻近医院,康复护理,医保定点,高端定位",未央区三桥天台三路秦康老年医院西侧50米
西安,九九养老康复医疗中心,民营,90张,3000,"医养结合,康复护理,餐饮定制,试住体验,适老化设计",曲江新区登高路与翔悦路西北角
西安,西安青华山庄老年公寓,民营,300张,2280,"医养结合,邻近医院,邻近景点,适老化设计,康复护理",陕西省西安市长安区青华山景区
西安,康源中成·城市颐养中心,民营,400张,4000,"医养结合,邻近医院,交通便利,餐饮定制,康复护理",青年路含光现代城3-8层
西安,康源养老·北城长者屋,民营,138张,3000,"医养结合,邻近医院,适老化设计,康复护理,社区嵌入",西安市经开区凤城七路19号荣华北经城1号楼2-3层
西安,康源养老·南城长者屋,民营,131张,3000,"医养结合,邻近医院,康复护理,临终关怀,社区嵌入",西三爻村长丰园小区运达商业广场4层
西安,康源养老•电子城长者屋,民营,121张,2500,"医养结合,邻近医院,社区嵌入,康复护理,临终关怀",电子正街香漫里商铺裙楼2号楼整4层
西安,泰康之家·秦园（未开业，可预订）,民营,1090张,价格面议,"邻近医院,康复护理,适老化设计,高端定位,连锁品牌",临沣东路
西安,三桥老年公寓,民营,419张,2230,"医养结合,邻近医院,康复护理,连锁品牌,临终关怀",西安市昆明路石桥立交向西500米路南
西安,西安养老康复中心,公办（建）,390张,1000,"邻近医院,康复护理",陕西省西安市长安区韦曲北街369号
西安,西安市雁塔区天和老年公寓,民营,290张,1690,"邻近医院,交通便利,康复护理",西安市雁塔区姚家村村委会西门
西安,西安弘德养老服务有限公司,民营,400张,价格面议,"医养结合,医保定点,交通便利,适老化设计,临终关怀",骊山新家园C区
西安,西安葡萄园养老院,民营,120张,2500,"医养结合,邻近医院,交通便利,康复护理,临终关怀",陕西西安市雁塔区兴善寺西街101号2楼
西安,西安天合老年公寓,民营,500张,1400,邻近医院,陕西省西安市雁塔区鱼化寨东晁村南200米
西安,陕西西咸新区沣东新城王寺敬老院,民营,400张,价格面议,"邻近医院,试住体验",三桥镇西部车城天台八路西段
西安,西安市新城区爱心护理院,公办民营,100张,2000,"医养结合,邻近医院,康复护理,临终关怀",尚勤路435号
西安,长安区福海老年公寓,民营,160张,1500,康复护理,西安市西沣公路高桥南桥头潏河岸边
西安,西安市新城区百禾养老服务中心,民营,160张,2200,"邻近医院,交通便利,社区嵌入,个性化护理,连锁品牌",西安市新城区公园北路248号百禾小区南侧50米
西安,西安市灞桥仁德老年公寓,公办民营,150张,1780,"邻近医院,康复护理,试住体验,临终关怀,个性化护理",西安市灞桥区狄寨街道狄寨村-西安市灞桥仁德老年公寓（灞桥区狄寨社区卫生服务中心隔壁）
西安,陕西省西安市临潼区金秋爱心乐园,民营,1000张,1000,"邻近景点,康复护理,试住体验",临潼区秦陵北路
西安,太华路街道综合养老服务中心,公建民营,31张,2400,"医养结合,邻近医院,餐饮定制,高端定位,适老化设计",八府庄二纺8号楼二层东户
西安,西安市鄠邑区公办示范性养老院,公办（建）,351张,2800,"交通便利,适老化设计,个性化护理,试住体验,邻近景点",甘亭街道草堂路304号
西安,西安市新城区爱心护理院解放门街道微型养老站,公办民营,30张,价格面议,"医养结合,邻近医院,康复护理",西七路四浩庄36号
西安,陕西颐居乐养老服务有限责任公司,公助民办,108张,2300,"邻近景点,交通便利,试住体验,餐饮定制,个性化护理",五台街道旅游主线十字东北角
西安,荣华清荷园养老社区,民营,804张,2500,"医养结合,适老化设计,邻近景点,高端定位,餐饮定制",涝滨北路荣华清荷园
西安,杜城街道综合养老服务中心,公建民营,31张,3000,"医养结合,邻近景点,餐饮定制,社区嵌入,适老化设计",高家堡回迁小区沿街商铺二排一号
西安,陕西仁泰综合养老服务中心,公助民办,1500张,3000,"社区嵌入,邻近医院,交通便利,高端定位,适老化设计",南二环西段98号铁通商务大厦
西安,西安市新城区胡家庙街道综合养老服务中心,公办民营,50张,价格面议,"医养结合,邻近医院,康复护理,临终关怀",西安市金花北路280号电力设计院家属区
西安,西安康孝老年公寓,民营,150张,2500,"医养结合,邻近医院,邻近景点,高端定位,康复护理",楼观台集贤镇聚财大道
西安,西安市雁塔区雁宁老年公寓,公办民营,120张,2100,"邻近景点,康复护理,试住体验,餐饮定制",东月路雁鸣家园
西安,未央城建·泊心庭乐龄颐养中心,公办公营,502张,3000,"试住体验,交通便利,高端定位,个性化护理,餐饮定制",御井路与仁谨路十字向东50米
西安,中瑞明德西路老年养护院,民营,78张,3000,"餐饮定制,康复护理,适老化设计,社区嵌入,个性化护理",明德西路10号
南京,泰康之家·苏园,民营,1100张,8600,"医养结合,高端定位,餐饮定制,适老化设计,连锁品牌",仙林大学城灵山北路188号
南京,金煦福仙林湖颐养中心,民营,125张,5000,"邻近医院,交通便利,邻近景点,适老化设计,连锁品牌",纬地路28号1栋
南京,泰康之家·苏园（护理照护区）,民营,1100张,13400,"医养结合,邻近医院,高端定位,康复护理,连锁品牌",学原路22号
南京,九如城（盛和）康养中心,公建民营,110张,3180,"连锁品牌,医养结合,康复护理,邻近医院,临终关怀",南京市玄武区马高路319号
南京,九如城康养中心雨花院,民营,65张,3800,"适老化设计,医养结合,个性化护理,临终关怀,连锁品牌",南京市雨花区西善桥街道邱村70号西善花苑综合楼1号4—5层
南京,九如城康养中心清荷院,公助民办,84张,4300,"交通便利,适老化设计,康复护理",南京市建邺区友谊街70号
南京,太保家园（南京）国际颐养社区,公办公营,415张,8000,"邻近医院,交通便利,邻近景点,连锁品牌,试住体验",汇仙路19号
南京,石柱山国际康养城-至善康养公寓,民营,未知,3000,"邻近医院,邻近景点,餐饮定制,适老化设计,康复护理",驻南京市区接待中心地址：南京市鼓楼区山西路67号世贸中心大厦A座22楼2208室
南京,象山颐养中心,公建民营,143张,6000,"连锁品牌,医养结合,适老化设计,餐饮定制,康复护理",南京市鼓楼区幕府西路126号
南京,南京易发红日养老院,民营,350张,2940,"医保定点,医养结合,康复护理",戴家巷7号_2(江南水师学堂对面巷内1000米)
南京,钟山银城梅园颐养中心,公办民营,500张,6500,"连锁品牌,医养结合,高端定位,适老化设计,交通便利",后宰门东村80号
南京,南京幸福园护理院,民营,127张,2950,"邻近医院,康复护理,临终关怀",南京市江宁区东新南路288-3号
南京,钟山银城聚宝山颐养中心,公建民营,170张,5000,"连锁品牌,医养结合,邻近景点,适老化设计,餐饮定制",南京市玄武区玄武大道96号（聚宝山公园内）
南京,银城君颐东方国际康养社区,民营,1050张,7000,"高端定位,医养结合,个性化护理,适老化设计,邻近医院",马群南路19号（钟山学院南200米）
南京,南京苏博老年公寓,民营,100张,4000,"医保定点,邻近医院,临终关怀,高端定位,康复护理",东新北路158号
南京,南京市雨花台区板桥舒心养老院,民营,100张,800,"医保定点,医养结合,邻近医院,康复护理,临终关怀",板桥雄风路199号
南京,白马社区养老综合体,公建民营,60张,3200,"医养结合,个性化护理,适老化设计,连锁品牌",南京市浦口区江浦街道白马社区白马路81号25栋社区中心3-4层
南京,南京易发护理院,民营,150张,价格面议,"医保定点,邻近医院,康复护理,临终关怀",戴家巷7号_2(江南水师学堂对面巷内1000米)
南京,银城红日养老公寓,民营,212张,5000,康复护理,南京市鼓楼区漓江路55号
南京,南京市溧水区乐遥老年公寓,民营,84张,2200,,南京市溧水区石湫镇桑园蒲村140号
南京,南京爱德仁谷颐养院,民营,200张,1500,"邻近医院,康复护理,个性化护理",南京栖霞区摄山星城尤山路90号（西岗社区医院与摄山教堂旁）
南京,南京浦口尽孝道护理院（老年公寓）,公办民营,200张,3000,"医养结合,康复护理,临终关怀",南京市浦口区珠泉西路17号（江浦街道社区卫生服务中心）
南京,南京沣盛养老服务有限公司,民营,53张,2000,"邻近医院,邻近景点,康复护理,连锁品牌,试住体验",南京市浦口区江浦街道亚青路华农菜场二楼
南京,悦华延龄护理院,民营,72张,4500,"医养结合,康复护理",淮海路148号
南京,南京市职工疗养院老年公寓,民营,123张,2000,"邻近景点,康复护理",南京市江宁区牛首大道1号
南京,金色阳光老年公寓（栖霞区）,民营,65张,3600,,南京市栖霞区华电三宿舍2号门
南京,高淳区高淳老街养老护理中心,民营,135张,2200,"邻近景点,适老化设计,康复护理",高淳老街中山大街3号（老街游客中心旁）
南京,南京市雨花台区瑞海博老年康复中心,民营,243张,3000,"医养结合,医保定点,康复护理,临终关怀,个性化护理",铁心桥服务区北区B座
南京,南京慧享福长者照护之家（迈皋桥嘉誉山店）,民营,40张,4000,康复护理,迈皋桥街道兴卫路7号嘉誉山西门对面
南京,南京市博爱苑老年公寓,民营,104张,2999,"医保定点,医养结合,邻近医院,交通便利,邻近景点",宏光路118号
南京,银杏树老年人服务中心,民营,192张,1680,"邻近医院,康复护理,连锁品牌,试住体验",南京市鼓楼区福建路22号
南京,南京瑞芝康健老年公寓,民营,150张,5800,"医养结合,餐饮定制,高端定位,康复护理,临终关怀",兴民南路78号
南京,南京瑞芝康健仁善颐养院,民营,70张,7000,"医养结合,交通便利,邻近景点,餐饮定制,个性化护理",中山北路477号
南京,南京瑞芝康健悦馨颐养院,民营,120张,7000,"医养结合,邻近景点,餐饮定制,康复护理,个性化护理",光华路97号
南京,南京瑞芝康健滨江颐养院,公建民营,400张,3300,"医养结合,邻近景点,餐饮定制,连锁品牌,个性化护理",江宁街道汤铜路88号
南京,江苏省南京市建邺区慧恩老年公寓,民营,249张,1270,"邻近医院,个性化护理",江苏省南京市建邺区江心洲民安路2号（江心洲医院对面）
南京,南京瑞芝康健禄口颐养院,公建民营,372张,3620,"医养结合,餐饮定制,康复护理,个性化护理,连锁品牌",正阳路175号
南京,南京市鼓楼区颐养天和养老院,民营,100张,2000,"邻近医院,交通便利",南京市鼓楼区郭家山路张王庙1号丁香花园
南京,江苏省南京市玄武区鸿福老年公寓,公办（建）,160张,1180,"邻近医院,康复护理",南京市珠江路675号
郑州,泰康之家·豫园,民营,3600张,5700,"医养结合,餐饮定制,高端定位,适老化设计,连锁品牌",白沙园区
郑州,泰康之家·豫园（护理照护区）,民营,3600张,8500,"医养结合,餐饮定制,高端定位,连锁品牌,康复护理",白沙生命科学园区中山路东侧
郑州,光大欧安乐龄医养中心（河南省老年公寓）,公办民营,1100张,2600,"医养结合,适老化设计,康复护理,医保定点,交通便利",河南省郑州市惠济区迎宾路与香山路交汇处向南50米路西
郑州,郑州瑞阳养老院,其他,800张,1500,"医养结合,邻近医院,康复护理",郑州市西四环与郑上路交汇处向西1公里
郑州,河南颐享养老服务有限公司,民营,240张,2660,"医养结合,邻近医院,高端定位,适老化设计,康复护理",河南·郑州·中原西路与飞龙路交叉口
郑州,郑州(荥阳)和佑尊长园,民营,298张,2000,"邻近医院,康复护理",郑州市荥阳三公路与汜河路交叉口
郑州,河南省郑州市二七区爱馨阳光城老年服务中心,民营,500张,1000,"邻近医院,康复护理,连锁品牌,个性化护理",郑州市二七区长江路与连云路交叉口东200米
郑州,郑州晚晴养老集团,公办民营,510张,2100,医养结合,郑州市桐柏路与棉纺路交叉口锦艺城二期7号楼1楼
郑州,郑州首慈乐养养老服务有限责任公司,民营,296张,3000,"医养结合,邻近医院,康复护理,个性化护理",郑州市金水区红专北街5号豫税宾馆3号楼
郑州,天伦家园老年公寓,民营,280张,1200,"康复护理,连锁品牌",郑州市中原区航海西路办事处道李村（常庄水库东畔）
郑州,中牟县锦源老年公寓,民营,492张,2980,"医养结合,交通便利,餐饮定制,康复护理",泰安街与溪畔路交叉口向东60米路南
郑州,郑州市金水区颐百岁养老院,公助民办,385张,1350,"医养结合,康复护理,连锁品牌,临终关怀,个性化护理",东三街与岗杜街交叉口（儿童医院旁）
郑州,郑州天佑安康颐养中心养老院,民营,90张,3000,"邻近医院,医养结合,适老化设计,试住体验,餐饮定制",航海东路与经开第二十大街交口航海东路1776号
郑州,郑州市恒顺源老年养生护理院,民营,300张,2000,康复护理,郑州市江山路杜庄村口向北50米路东
郑州,郑州舒心老年公寓,民营,450张,550,"康复护理,连锁品牌,个性化护理",郑州市惠济区南阳寨工业园区7号
郑州,河南荥阳市社会养老服务中心天鹅湖公寓,民营,1000张,1200,"邻近医院,邻近景点,康复护理,个性化护理",河南荥阳市郑州中原路西段楚楼水库向西200米
郑州,高新区颐和老年公寓,社会团体,200张,价格面议,"邻近医院,适老化设计,康复护理",郑州高新区电厂路五龙新城香馨园3号楼
郑州,新天佑康养▪佑安康年养护中心,民营,1050张,2000,"医养结合,康复护理,试住体验,医保定点,适老化设计",解放路与莲花路交叉口向南100米路东
郑州,郑州市管城回族区世沣尊长园,公办民营,523张,2000,"医养结合,康复护理,个性化护理",东大街115号
郑州,郑州爱睦家养老院,民营,150张,2000,"医养结合,邻近医院,康复护理,连锁品牌",城东路货站街交叉口向东300米路北
郑州,郑州市惠济区花园口镇晚晴养老服务中心,公建民营,60张,2000,"康复护理,适老化设计,连锁品牌,试住体验,医养结合",花园口镇惠花新城大庙苑19号楼
郑州,河南多尔康养老服务有限公司,民营,50张,2000,"医养结合,邻近医院,康复护理",郑州市二七区大学路18号金源大厦15楼1501室
郑州,郑州裕心媛康养有限公司,民营,270张,2000,"医保定点,医养结合,试住体验,交通便利,康复护理",郑州市上街区丹江路与衡山路交叉口东南侧
郑州,河南舒怡堂养老服务有限公司,公建民营,300张,2660,"医保定点,医养结合,交通便利,康复护理,个性化护理",中原西路与飞龙路交叉口向北500米路西
郑州,北林路街道养老服务中心,公办民营,29张,2300,"交通便利,试住体验,适老化设计,连锁品牌,社区嵌入",广电南路10号院广电社区用房
郑州,峡窝镇养老服务中心,公建民营,76张,2000,"医养结合,适老化设计,康复护理,个性化护理,社区嵌入",峡窝镇观沟新区龙江路与孟津路交叉口向西100米路北胡同内
郑州,郑州市祥和瑞乐养老院有限公司,民营,368张,3000,,荥泽大道与建设路交叉口东南角
郑州,郑州市老年公寓,公办（建）,280张,价格面议,"医养结合,邻近医院",航海西路7号
郑州,丰庆路街道养老服务中心,公办民营,70张,2000,"社区嵌入,康复护理,适老化设计,连锁品牌,试住体验",索凌路连霍高速西南角滨河家园西院
郑州,郑州市敬贤养老院,公建民营,80张,2500,"医养结合,邻近医院,交通便利,康复护理,临终关怀",中原路与华山路向西200米，罗庄小区西临
郑州,中原西路养老院,公办民营,80张,2200,"医养结合,医保定点,康复护理,临终关怀,试住体验",中原路与华山路交叉口。
郑州,郑州市惠济区颐和老年公寓,民营,300张,2380,"邻近医院,康复护理",郑州市惠济区沙口路122号
郑州,新郑市现代康乐园老年公寓,民营,150张,1000,"邻近医院,康复护理",河南省新郑市新村镇中兴大道西段路南
郑州,郑州经开区泰和养老服务中心,公办民营,100张,2500,"医养结合,交通便利,邻近景点",经开第五大街与经北一路路东经开泰和卫生服务中心2号楼
郑州,郑州九院健康管理有限公司,民营,200张,2660,"交通便利,医养结合,邻近医院,康复护理,临终关怀",飞龙路与泽众路交叉口
郑州,郑州经开区格林社区养老服务中心,公办民营,30张,2000,"适老化设计,社区嵌入,试住体验,交通便利,医养结合",经济技术开发区经开第七大街经南五路东北角
郑州,郑州荥阳和佑尊长园,民营,298张,1780,"邻近医院,康复护理,试住体验",郑州市荥阳三公路与汜河路交叉口
郑州,郑州盛泰养老中心,民营,60张,1800,"邻近景点,邻近医院,适老化设计,个性化护理",樱桃沟景区
昆明,昆明鹏瑞利康养社区,民营,577张,6000,"医保定点,医养结合,邻近医院,餐饮定制,高端定位",呈贡区洛龙街道联大街9号鹏瑞利康养社区
昆明,泰康之家·滇园,民营,1400张,5800,"医养结合,高端定位,适老化设计,康复护理,连锁品牌",滇园项目
昆明,滇池康悦养老度假中心,民营,2236张,3750,"医养结合,邻近医院,高端定位,适老化设计",环湖南路北段滇池国际养生养老度假区
昆明,昆明友康养老中心,民营,300张,2780,"邻近医院,适老化设计,康复护理,个性化护理,医养结合",潘家湾44号
昆明,昆明盛爱老年公寓,民营,150张,2750,"医养结合,邻近景点,康复护理,餐饮定制",碧鸡镇西化村盛爱老年公寓
昆明,居正义慈养生公寓（滇池畔•乐龄之家康养中心）,民营,300张,5400,"医养结合,连锁品牌,试住体验,邻近景点,康复护理",观景路12号居正义慈养生公寓
昆明,当你老了健康养老中心,民营,501张,2200,"医养结合,邻近医院,康复护理,临终关怀",云南省昆明市官渡区官南大道小街双凤路285号（康乐茶城旁）
昆明,官房老年公寓云秀分院,民营,50张,3300,"医养结合,邻近医院,交通便利,适老化设计,康复护理",古渡口路1111号云秀康园小区4号院
昆明,官房栖云阁养生公寓,民营,132张,3980,"医养结合,邻近医院,交通便利,康复护理",古渡口路1111号云秀康园小区6号院18栋
昆明,西山区综合福利院,公建民营,274张,2600,"医养结合,邻近医院,邻近景点,适老化设计,康复护理",马街街道马街中村191号宝珠寺旁
昆明,昆明市西山区新心敬老院,民营,60张,1500,"邻近医院,交通便利",云南省昆明市西山区西园南路37号严家地小区搬迁大院6号
昆明,云南昆明一心堂养老院医养中心,民营,300张,3400,"医养结合,医保定点,邻近医院,餐饮定制,康复护理",昆明金鼎科技园
昆明,昆明市五华区学府社区居家养老服务中心|学府养老,民营,125张,2000,"邻近医院,康复护理,试住体验",教场西路28号
昆明,昆明市东川区幸福家园老年公寓,公办（建）,150张,640,"康复护理,临终关怀",昆明市东川区铜都镇起嘎正二号
昆明,福荫颐养院,民营,100张,2400,"医养结合,交通便利,邻近景点,连锁品牌,邻近医院",西山区碧鸡街道红映村668号
昆明,云南红旗养老综合服务有限公司,民营,301张,2800,康复护理,云南省昆明市官渡区日新东路848号红旗养老院内
昆明,昆明官房老年公寓吴井分院,民营,152张,2800,"医养结合,邻近医院,交通便利,适老化设计,康复护理",环城南路佴家湾合金公寓C栋
昆明,康谊淳心长辈照护中心,民营,157张,2600,"康复护理,适老化设计,个性化护理,餐饮定制,试住体验",中和花园小区K、J幢·康谊淳心长辈照护中心
昆明,昆明百善轩养老服务有限公司,民营,120张,2700,"医养结合,邻近医院,交通便利,社区嵌入,餐饮定制",云南省昆明市五华区王家桥路59号云冶生活区
昆明,新昆华·乐龄之家老年康养中心,民营,302张,4300,"医养结合,邻近医院,康复护理",太平新城街道办事处太安路新昆华医院c栋
昆明,昆明西山区综合福利院,公办民营,274张,2600,"医养结合,高端定位,适老化设计,康复护理,连锁品牌",马街街道马街中村191号
昆明,九九祥（嵩明）康养中心,公建民营,80张,1900,"餐饮定制,连锁品牌,康复护理,社区嵌入,试住体验",昆明市嵩明县杨桥街道办事处杨桥社区河滨路207号（原杨桥中心幼儿园）
昆明,云南圣爱康养服务有限公司（圣爱康养园）,民营,100张,9500,"医养结合,餐饮定制,高端定位,邻近景点,交通便利",庾园路99号绿地海珀澜庭二期S1栋商铺
昆明,昆明市官渡区柏寿老年公寓,民营,300张,2500,"医养结合,交通便利,康复护理,个性化护理,适老化设计",柏寿老年公寓
昆明,昆明市盘龙区方舟敬老院,民营,45张,750,"邻近医院,康复护理",昆明市盘龙区
昆明,云南康之源老年公寓,民营,220张,1200,"邻近医院,康复护理,临终关怀",昆明市经开区阿拉乡小新村
昆明,云南省昆明市西山区知青老年公寓,民营,800张,1200,,云南省昆明市西山区大观楼公园隔壁小岛村288号
昆明,昆明市官渡区亚东福寿家园,民营,100张,2000,"医养结合,邻近医院,康复护理,临终关怀",云南省昆明市官渡区新体花园昆明亚东医院三楼
昆明,云南省昆明市官渡区强华敬老院,民营,150张,价格面议,"邻近医院,康复护理,临终关怀",东郊金马立交桥前50米
昆明,云南省昆明市社会福利院,公办（建）,500张,600,"医保定点,邻近医院,康复护理",五华区海屯路2号
南宁,泰康之家·桂园,民营,2200张,5200,"医养结合,邻近医院,邻近景点,交通便利,连锁品牌",天德路21号
南宁,悦年华·颐养社区（南宁五象）,民营,1542张,4800,"连锁品牌,高端定位,康复护理,适老化设计,餐饮定制",玉洞大道70号华润置地悦年华颐养社区
南宁,泰康之家·桂园（护理照护区）,民营,1950张,7600,"医养结合,交通便利,适老化设计,高端定位,康复护理",天德路21号
南宁,美好家园（南宁青秀）孝慈苑养老服务中心,民营,366张,2950,"医养结合,高端定位,康复护理",广西南宁市青秀区竹溪南路8-1号
南宁,南宁美好家园养老院有限公司,民营,400张,3900,"医养结合,邻近医院,高端定位,适老化设计,康复护理",青秀区竹溪南路
南宁,广西南宁市金太阳老年公寓,民营,500张,2100,"医养结合,交通便利,康复护理,临终关怀",广西南宁市西乡塘区大学西宁路2号（骋望剑桥郡旁边、同人加气站左拐）
南宁,南宁市五象养老服务中心,公办民营,2000张,2800,"医养结合,邻近医院,康复护理,个性化护理",步云路1号
南宁,南宁市夕阳红康复护养中心,公办（建）,200张,2200,"医养结合,邻近医院,康复护理",南宁市兴宁区邕武路14-2号
南宁,广投颐嘉金象苑养老服务中心,公建民营,42张,价格面议,"邻近医院,适老化设计,康复护理",广西南宁良庆区金象大道171号
南宁,广西南宁市金色阳光护理院,民营,350张,1700,"医养结合,邻近医院,康复护理,临终关怀,个性化护理",南宁市兴宁区望州路298--33号
南宁,广西省重阳老年公寓,民营,550张,900,康复护理,南宁市大沙田经济开发区金象大道72号
南宁,广西南宁市兴宁金色阳光护理院,民营,350张,1700,"医养结合,邻近医院,交通便利,康复护理,临终关怀",广西南宁市兴宁区金色阳光护理院
南宁,广西医大仁爱养老服务中心,公建民营,1058张,3400,"试住体验,医保定点,临终关怀,医养结合,个性化护理",白沙大道45号
南宁,南宁市瑞生养老院,民营,100张,2000,"医养结合,邻近医院,交通便利,餐饮定制,康复护理",蓉茉大道73号
南宁,前海人寿幸福之家南宁康养社区,民营,1100张,4000,"医养结合,餐饮定制,个性化护理,适老化设计,高端定位",南宁市良庆区海晖路 前海人寿幸福之家南宁康养社区
南宁,前海人寿幸福之家广西康养社区,民营,800张,4200,"医养结合,邻近景点,高端定位,交通便利,连锁品牌",石蚌街南侧
南宁,前海人寿南宁护理院,民营,293张,6000,"康复护理,医养结合,餐饮定制,个性化护理,适老化设计",南宁市良庆区金海路 前海人寿南宁护理院
南宁,南宁市鸿福呈祥养老服务中心,民营,230张,2000,"医养结合,邻近景点,高端定位,餐饮定制,交通便利",友谊路78号良凤江国家森林公园沿路4号楼
南宁,宾阳县颐园养老院,民营,120张,价格面议,"医养结合,邻近医院,交通便利",黎塘镇火车站广场南侧
南宁,南宁市西乡塘区安心园养老院,民营,50张,2000,"邻近医院,交通便利,邻近景点,餐饮定制,适老化设计",新阳路239-1号二楼安心园养老院
南宁,邕宁区银龙社区医养结合服务中心,民营,33张,价格面议,"医养结合,邻近医院,康复护理",龙亭路8号
南宁,南宁一心护理康复养老中心,社会团体,300张,价格面议,"邻近医院,交通便利,康复护理,个性化护理",南宁市北湖路尾园艺路2号
南宁,广西南宁市舜帆养老院,民营,60张,1000,"邻近医院,邻近景点,康复护理",南宁市青环路青山下埌农贸市场内
南宁,南宁市兴宁区颐康养老院,民营,70张,900,"邻近医院,康复护理,临终关怀",南宁市共和路168号基督教综合楼4楼
南宁,南宁市乐源养老服务中心,民营,50张,价格面议,"医养结合,邻近医院,康复护理",丰达路22号辉翔大厦二楼
南宁,南宁市邕宁区社会福利院,公办（建）,110张,1440,康复护理,南宁市邕宁区八鲤路327号
南宁,华邦美好家园（南宁青秀）孝慈苑,民营,401张,价格面议,"医养结合,高端定位,康复护理,连锁品牌,社区嵌入",柳园路8-1号
南宁,南宁市老来乐养老院,民营,150张,价格面议,邻近医院,南宁市兴宁区邕武路柳杨坡
南宁,南宁市富德老年公寓,民营,120张,价格面议,"医养结合,邻近医院,康复护理,个性化护理",五一宏德富德新村综合楼
贵阳,贵阳颐家养老院,民营,150张,2600,"邻近医院,餐饮定制,适老化设计,康复护理,个性化护理",东风镇颐家养老院（福万康康复医院隔壁）
贵阳,泰康之家·黔园（未开业）,民营,1000张,5700,"医保定点,医养结合,邻近医院,临终关怀,康复护理",核心区域建设用地
贵阳,贵阳魅力花园太阳谷安养中心,民营,220张,7599,"餐饮定制,连锁品牌,高端定位,医养结合,适老化设计",双龙航空港经济区中铁国际生态城太阳谷
贵阳,贵阳市夕阳红康复公寓,民营,148张,1000,"医保定点,邻近医院,康复护理",贵阳市四方河路117号
贵阳,中颐·贵州云漫湖养老院,其他,137张,2500,"邻近景点,康复护理",贵安新区马场镇嘉禾村云漫路9号
贵阳,贵阳市花溪区周周老年公寓,民营,300张,3000,"交通便利,餐饮定制,社区嵌入,康复护理,医养结合",平桥街道办大寨村006号
贵阳,贵阳工商康养营盘路养护院,公办（建）,397张,价格面议,"康复护理,社区嵌入,个性化护理",兴关路街道营盘路68号
贵阳,爱银发-贵阳观山湖区区域化养老服务中心,公办民营,1000张,1000,医养结合,贵阳市观山湖区碧海南路87号碧海社区服务中心旁
贵阳,贵阳市观山湖区百花湖乡花桥养老院,民营,120张,1500,邻近医院,贵阳巿观山湖区百花湖花桥1号
贵阳,睿悦红阳康养中心,民营,180张,3200,"邻近医院,交通便利,邻近景点,餐饮定制",贵州省贵阳市花溪区清溪街道办事处清溪路6号
贵阳,贵阳林东医养服务中心,民营,85张,2500,"医养结合,个性化护理,临终关怀,邻近医院,康复护理",金华镇蒿芝塘春晖路1号
贵阳,亲情老年公寓,民营,56张,2200,"邻近医院,交通便利,试住体验",花溪区桐木岭村4组
贵阳,喜开颜居家养老服务中心,民营,30张,2800,"高端定位,康复护理",贵阳市云岩区文昌北路鸿雁巷20号附12号
 
